canonicalClubId,workbookId,displayName,league,templateKey,reason,reviewStatus
"eng_arsenal","eng1_arsenal","阿森纳","Premier League（20）","RED_WHITE","红色主视觉、白色辅助，归入 RED_WHITE。","PRODUCT_APPROXIMATION"
"eng1_chelsea","eng1_chelsea","切尔西","Premier League（20）","ROYAL_BLUE","深蓝或蓝白主视觉，归入 ROYAL_BLUE。","PRODUCT_APPROXIMATION"
"eng_liverpool","eng1_liverpool","利物浦","Premier League（20）","RED_WHITE","红色主视觉、白色辅助，归入 RED_WHITE。","PRODUCT_APPROXIMATION"
"eng1_manchester_city","eng1_manchester_city","曼城","Premier League（20）","SKY_BLUE","天蓝主视觉，归入 SKY_BLUE。","PRODUCT_APPROXIMATION"
"eng1_manchester_united","eng1_manchester_united","曼联","Premier League（20）","RED_WHITE","红色主视觉、白色辅助，归入 RED_WHITE。","PRODUCT_APPROXIMATION"
"eng1_aston_villa","eng1_aston_villa","阿斯顿维拉","Premier League（20）","CLARET_BLUE","酒红与蓝色主视觉，归入 CLARET_BLUE。","PRODUCT_APPROXIMATION"
"eng1_newcastle_united","eng1_newcastle_united","纽卡斯尔联","Premier League（20）","BLACK_WHITE","黑白或白色主视觉，归入 BLACK_WHITE。","PRODUCT_APPROXIMATION"
"eng1_tottenham_hotspur","eng1_tottenham_hotspur","托特纳姆热刺","Premier League（20）","BLACK_WHITE","黑白或白色主视觉，归入 BLACK_WHITE。","PRODUCT_APPROXIMATION"
"eng1_afc_bournemouth","eng1_afc_bournemouth","伯恩茅斯","Premier League（20）","RED_WHITE","红色主视觉、白色辅助，归入 RED_WHITE。","PRODUCT_APPROXIMATION"
"eng1_brentford","eng1_brentford","布伦特福德","Premier League（20）","RED_WHITE","红色主视觉、白色辅助，归入 RED_WHITE。","PRODUCT_APPROXIMATION"
"eng_brighton","eng1_brighton_and_hove_albion","布莱顿","Premier League（20）","SKY_BLUE","天蓝主视觉，归入 SKY_BLUE。","PRODUCT_APPROXIMATION"
"eng1_crystal_palace","eng1_crystal_palace","水晶宫","Premier League（20）","BLUE_RED","蓝红主视觉，归入 BLUE_RED。","PRODUCT_APPROXIMATION"
"eng1_everton","eng1_everton","埃弗顿","Premier League（20）","ROYAL_BLUE","深蓝或蓝白主视觉，归入 ROYAL_BLUE。","PRODUCT_APPROXIMATION"
"eng_fulham","eng1_fulham","富勒姆","Premier League（20）","BLACK_WHITE","黑白或白色主视觉，归入 BLACK_WHITE。","PRODUCT_APPROXIMATION"
"eng1_nottingham_forest","eng1_nottingham_forest","诺丁汉森林","Premier League（20）","RED_BLACK","红黑主视觉，归入 RED_BLACK。","PRODUCT_APPROXIMATION"
"eng1_coventry_city","eng1_coventry_city","考文垂","Premier League（20）","SKY_BLUE","天蓝主视觉，归入 SKY_BLUE。","PRODUCT_APPROXIMATION"
"eng1_hull_city","eng1_hull_city","赫尔城","Premier League（20）","ORANGE","橙色主视觉，归入 ORANGE。","PRODUCT_APPROXIMATION"
"eng1_ipswich_town","eng1_ipswich_town","伊普斯维奇","Premier League（20）","ROYAL_BLUE","深蓝或蓝白主视觉，归入 ROYAL_BLUE。","PRODUCT_APPROXIMATION"
"eng1_leeds_united","eng1_leeds_united","利兹联","Premier League（20）","YELLOW_BLUE","黄蓝主视觉，归入 YELLOW_BLUE。","PRODUCT_APPROXIMATION"
"eng1_sunderland","eng1_sunderland","桑德兰","Premier League（20）","RED_WHITE","红色主视觉、白色辅助，归入 RED_WHITE。","PRODUCT_APPROXIMATION"
"eng2_burnley","eng2_burnley","伯恩利","EFL Championship（24）","CLARET_BLUE","酒红与蓝色主视觉，归入 CLARET_BLUE。","PRODUCT_APPROXIMATION"
"eng2_middlesbrough","eng2_middlesbrough","米德尔斯堡","EFL Championship（24）","RED_WHITE","红色主视觉、白色辅助，归入 RED_WHITE。","PRODUCT_APPROXIMATION"
"eng2_sheffield_united","eng2_sheffield_united","谢菲尔德联","EFL Championship（24）","RED_BLACK","红黑主视觉，归入 RED_BLACK。","PRODUCT_APPROXIMATION"
"eng2_southampton","eng2_southampton","南安普顿","EFL Championship（24）","RED_BLACK","红黑主视觉，归入 RED_BLACK。","PRODUCT_APPROXIMATION"
"eng2_west_ham_united","eng2_west_ham_united","西汉姆联","EFL Championship（24）","CLARET_BLUE","酒红与蓝色主视觉，归入 CLARET_BLUE。","PRODUCT_APPROXIMATION"
"eng2_wolverhampton_wanderers","eng2_wolverhampton_wanderers","狼队","EFL Championship（24）","YELLOW_BLACK","黄黑主视觉，归入 YELLOW_BLACK。","PRODUCT_APPROXIMATION"
"eng2_birmingham_city","eng2_birmingham_city","伯明翰城","EFL Championship（24）","ROYAL_BLUE","深蓝或蓝白主视觉，归入 ROYAL_BLUE。","PRODUCT_APPROXIMATION"
"eng2_blackburn_rovers","eng2_blackburn_rovers","布莱克本","EFL Championship（24）","ROYAL_BLUE","深蓝或蓝白主视觉，归入 ROYAL_BLUE。","PRODUCT_APPROXIMATION"
"eng2_bolton_wanderers","eng2_bolton_wanderers","博尔顿","EFL Championship（24）","ROYAL_BLUE","深蓝或蓝白主视觉，归入 ROYAL_BLUE。","PRODUCT_APPROXIMATION"
"eng2_bristol_city","eng2_bristol_city","布里斯托尔城","EFL Championship（24）","RED_WHITE","红色主视觉、白色辅助，归入 RED_WHITE。","PRODUCT_APPROXIMATION"
"eng2_cardiff_city","eng2_cardiff_city","加的夫城","EFL Championship（24）","ROYAL_BLUE","深蓝或蓝白主视觉，归入 ROYAL_BLUE。","PRODUCT_APPROXIMATION"
"eng2_charlton_athletic","eng2_charlton_athletic","查尔顿","EFL Championship（24）","RED_BLACK","红黑主视觉，归入 RED_BLACK。","PRODUCT_APPROXIMATION"
"eng2_derby_county","eng2_derby_county","德比郡","EFL Championship（24）","BLACK_WHITE","黑白或白色主视觉，归入 BLACK_WHITE。","PRODUCT_APPROXIMATION"
"eng2_lincoln_city","eng2_lincoln_city","林肯城","EFL Championship（24）","RED_WHITE","红色主视觉、白色辅助，归入 RED_WHITE。","PRODUCT_APPROXIMATION"
"eng2_millwall","eng2_millwall","米尔沃尔","EFL Championship（24）","ROYAL_BLUE","深蓝或蓝白主视觉，归入 ROYAL_BLUE。","PRODUCT_APPROXIMATION"
"eng2_norwich_city","eng2_norwich_city","诺维奇","EFL Championship（24）","GREEN_YELLOW","绿白或绿黄主视觉，归入 GREEN_YELLOW。","PRODUCT_APPROXIMATION"
"eng2_portsmouth","eng2_portsmouth","朴茨茅斯","EFL Championship（24）","ROYAL_BLUE","深蓝或蓝白主视觉，归入 ROYAL_BLUE。","PRODUCT_APPROXIMATION"
"eng2_preston_north_end","eng2_preston_north_end","普雷斯顿","EFL Championship（24）","BLACK_WHITE","黑白或白色主视觉，归入 BLACK_WHITE。","PRODUCT_APPROXIMATION"
"eng2_queens_park_rangers","eng2_queens_park_rangers","女王公园巡游者","EFL Championship（24）","ROYAL_BLUE","深蓝或蓝白主视觉，归入 ROYAL_BLUE。","PRODUCT_APPROXIMATION"
"eng2_stoke_city","eng2_stoke_city","斯托克城","EFL Championship（24）","RED_WHITE","红色主视觉、白色辅助，归入 RED_WHITE。","PRODUCT_APPROXIMATION"
"eng2_swansea_city","eng2_swansea_city","斯旺西","EFL Championship（24）","BLACK_WHITE","黑白或白色主视觉，归入 BLACK_WHITE。","PRODUCT_APPROXIMATION"
"eng2_watford","eng2_watford","沃特福德","EFL Championship（24）","YELLOW_BLACK","黄黑主视觉，归入 YELLOW_BLACK。","PRODUCT_APPROXIMATION"
"eng2_west_bromwich_albion","eng2_west_bromwich_albion","西布朗维奇","EFL Championship（24）","ROYAL_BLUE","深蓝或蓝白主视觉，归入 ROYAL_BLUE。","PRODUCT_APPROXIMATION"
"eng2_wrexham","eng2_wrexham","雷克瑟姆","EFL Championship（24）","RED_WHITE","红色主视觉、白色辅助，归入 RED_WHITE。","PRODUCT_APPROXIMATION"
"esp_barcelona","esp1_fc_barcelona","巴塞罗那","LaLiga EA Sports（20）","BLUE_RED","蓝红主视觉，归入 BLUE_RED。","PRODUCT_APPROXIMATION"
"esp_real_madrid","esp1_real_madrid","皇家马德里","LaLiga EA Sports（20）","BLACK_WHITE","黑白或白色主视觉，归入 BLACK_WHITE。","PRODUCT_APPROXIMATION"
"esp1_athletic_club","esp1_athletic_club","毕尔巴鄂竞技","LaLiga EA Sports（20）","RED_WHITE","红色主视觉、白色辅助，归入 RED_WHITE。","PRODUCT_APPROXIMATION"
"esp1_atletico_de_madrid","esp1_atletico_de_madrid","马德里竞技","LaLiga EA Sports（20）","RED_WHITE","红色主视觉、白色辅助，归入 RED_WHITE。","PRODUCT_APPROXIMATION"
"esp1_real_betis","esp1_real_betis","皇家贝蒂斯","LaLiga EA Sports（20）","GREEN_YELLOW","绿白或绿黄主视觉，归入 GREEN_YELLOW。","PRODUCT_APPROXIMATION"
"esp1_villarreal","esp1_villarreal","比利亚雷亚尔","LaLiga EA Sports（20）","YELLOW_BLUE","黄蓝主视觉，归入 YELLOW_BLUE。","PRODUCT_APPROXIMATION"
"esp_celta","esp1_celta_de_vigo","塞尔塔","LaLiga EA Sports（20）","SKY_BLUE","天蓝主视觉，归入 SKY_BLUE。","PRODUCT_APPROXIMATION"
"esp1_espanyol","esp1_espanyol","西班牙人","LaLiga EA Sports（20）","ROYAL_BLUE","深蓝或蓝白主视觉，归入 ROYAL_BLUE。","PRODUCT_APPROXIMATION"
"esp1_osasuna","esp1_osasuna","奥萨苏纳","LaLiga EA Sports（20）","BLUE_RED","蓝红主视觉，归入 BLUE_RED。","PRODUCT_APPROXIMATION"
"esp1_rayo_vallecano","esp1_rayo_vallecano","巴列卡诺","LaLiga EA Sports（20）","RED_WHITE","红色主视觉、白色辅助，归入 RED_WHITE。","PRODUCT_APPROXIMATION"
"esp_real_sociedad","esp1_real_sociedad","皇家社会","LaLiga EA Sports（20）","ROYAL_BLUE","深蓝或蓝白主视觉，归入 ROYAL_BLUE。","PRODUCT_APPROXIMATION"
"esp1_sevilla","esp1_sevilla","塞维利亚","LaLiga EA Sports（20）","RED_WHITE","红色主视觉、白色辅助，归入 RED_WHITE。","PRODUCT_APPROXIMATION"
"esp1_valencia","esp1_valencia","瓦伦西亚","LaLiga EA Sports（20）","BLACK_WHITE","黑白或白色主视觉，归入 BLACK_WHITE。","PRODUCT_APPROXIMATION"
"esp1_alaves","esp1_alaves","阿拉维斯","LaLiga EA Sports（20）","ROYAL_BLUE","深蓝或蓝白主视觉，归入 ROYAL_BLUE。","PRODUCT_APPROXIMATION"
"esp1_deportivo_la_coruna","esp1_deportivo_la_coruna","拉科鲁尼亚","LaLiga EA Sports（20）","ROYAL_BLUE","深蓝或蓝白主视觉，归入 ROYAL_BLUE。","PRODUCT_APPROXIMATION"
"esp1_elche","esp1_elche","埃尔切","LaLiga EA Sports（20）","GREEN_YELLOW","绿白或绿黄主视觉，归入 GREEN_YELLOW。","PRODUCT_APPROXIMATION"
"esp1_getafe","esp1_getafe","赫塔菲","LaLiga EA Sports（20）","ROYAL_BLUE","深蓝或蓝白主视觉，归入 ROYAL_BLUE。","PRODUCT_APPROXIMATION"
"esp1_levante","esp1_levante","莱万特","LaLiga EA Sports（20）","BLUE_RED","蓝红主视觉，归入 BLUE_RED。","PRODUCT_APPROXIMATION"
"esp1_malaga","esp1_malaga","马拉加","LaLiga EA Sports（20）","SKY_BLUE","天蓝主视觉，归入 SKY_BLUE。","PRODUCT_APPROXIMATION"
"esp1_racing_de_santander","esp1_racing_de_santander","桑坦德竞技","LaLiga EA Sports（20）","GREEN_YELLOW","绿白或绿黄主视觉，归入 GREEN_YELLOW。","PRODUCT_APPROXIMATION"
"esp2_almeria","esp2_almeria","阿尔梅里亚","LaLiga Hypermotion（22）","RED_WHITE","红色主视觉、白色辅助，归入 RED_WHITE。","PRODUCT_APPROXIMATION"
"esp2_girona","esp2_girona","赫罗纳","LaLiga Hypermotion（22）","RED_WHITE","红色主视觉、白色辅助，归入 RED_WHITE。","PRODUCT_APPROXIMATION"
"esp2_granada","esp2_granada","格拉纳达","LaLiga Hypermotion（22）","RED_WHITE","红色主视觉、白色辅助，归入 RED_WHITE。","PRODUCT_APPROXIMATION"
"esp2_las_palmas","esp2_las_palmas","拉斯帕尔马斯","LaLiga Hypermotion（22）","YELLOW_BLUE","黄蓝主视觉，归入 YELLOW_BLUE。","PRODUCT_APPROXIMATION"
"esp2_leganes","esp2_leganes","莱加内斯","LaLiga Hypermotion（22）","ROYAL_BLUE","深蓝或蓝白主视觉，归入 ROYAL_BLUE。","PRODUCT_APPROXIMATION"
"esp2_mallorca","esp2_mallorca","马略卡","LaLiga Hypermotion（22）","RED_BLACK","红黑主视觉，归入 RED_BLACK。","PRODUCT_APPROXIMATION"
"esp2_real_valladolid","esp2_real_valladolid","巴拉多利德","LaLiga Hypermotion（22）","RED_WHITE","红色主视觉、白色辅助，归入 RED_WHITE。","PRODUCT_APPROXIMATION"
"esp2_albacete","esp2_albacete","阿尔巴塞特","LaLiga Hypermotion（22）","BLACK_WHITE","黑白或白色主视觉，归入 BLACK_WHITE。","PRODUCT_APPROXIMATION"
"esp2_burgos","esp2_burgos","布尔戈斯","LaLiga Hypermotion（22）","BLACK_WHITE","黑白或白色主视觉，归入 BLACK_WHITE。","PRODUCT_APPROXIMATION"
"esp2_cadiz","esp2_cadiz","加的斯","LaLiga Hypermotion（22）","YELLOW_BLUE","黄蓝主视觉，归入 YELLOW_BLUE。","PRODUCT_APPROXIMATION"
"esp2_castellon","esp2_castellon","卡斯特利翁","LaLiga Hypermotion（22）","BLACK_WHITE","黑白或白色主视觉，归入 BLACK_WHITE。","PRODUCT_APPROXIMATION"
"esp2_cordoba","esp2_cordoba","科尔多瓦","LaLiga Hypermotion（22）","GREEN_YELLOW","绿白或绿黄主视觉，归入 GREEN_YELLOW。","PRODUCT_APPROXIMATION"
"esp2_eibar","esp2_eibar","埃瓦尔","LaLiga Hypermotion（22）","BLUE_RED","蓝红主视觉，归入 BLUE_RED。","PRODUCT_APPROXIMATION"
"esp2_real_oviedo","esp2_real_oviedo","皇家奥维耶多","LaLiga Hypermotion（22）","ROYAL_BLUE","深蓝或蓝白主视觉，归入 ROYAL_BLUE。","PRODUCT_APPROXIMATION"
"esp2_sporting_de_gijon","esp2_sporting_de_gijon","希洪竞技","LaLiga Hypermotion（22）","RED_WHITE","红色主视觉、白色辅助，归入 RED_WHITE。","PRODUCT_APPROXIMATION"
"esp2_tenerife","esp2_tenerife","特内里费","LaLiga Hypermotion（22）","ROYAL_BLUE","深蓝或蓝白主视觉，归入 ROYAL_BLUE。","PRODUCT_APPROXIMATION"
"esp2_ad_ceuta","esp2_ad_ceuta","休达","LaLiga Hypermotion（22）","RED_WHITE","红色主视觉、白色辅助，归入 RED_WHITE。","PRODUCT_APPROXIMATION"
"esp2_andorra","esp2_andorra","安道尔","LaLiga Hypermotion（22）","BLUE_RED","蓝红主视觉，归入 BLUE_RED。","PRODUCT_APPROXIMATION"
"esp2_celta_fortuna","esp2_celta_fortuna","塞尔塔B队","LaLiga Hypermotion（22）","ROYAL_BLUE","深蓝或蓝白主视觉，归入 ROYAL_BLUE。","PRODUCT_APPROXIMATION"
"esp2_eldense","esp2_eldense","埃登斯","LaLiga Hypermotion（22）","ROYAL_BLUE","深蓝或蓝白主视觉，归入 ROYAL_BLUE。","PRODUCT_APPROXIMATION"
"esp2_real_sociedad_b","esp2_real_sociedad_b","皇家社会B队","LaLiga Hypermotion（22）","ROYAL_BLUE","深蓝或蓝白主视觉，归入 ROYAL_BLUE。","PRODUCT_APPROXIMATION"
"esp2_sabadell","esp2_sabadell","萨瓦德尔","LaLiga Hypermotion（22）","ROYAL_BLUE","深蓝或蓝白主视觉，归入 ROYAL_BLUE。","PRODUCT_APPROXIMATION"
"ita_inter","ita1_inter","国际米兰","Serie A（20）","BLUE_BLACK","用户确认：国际米兰蓝黑模板锚点。","USER_CONFIRMED"
"ita1_ac_milan","ita1_ac_milan","AC米兰","Serie A（20）","RED_BLACK","用户确认：AC米兰红黑模板锚点。","USER_CONFIRMED"
"ita_juventus","ita1_juventus","尤文图斯","Serie A（20）","BLACK_WHITE","黑白或白色主视觉，归入 BLACK_WHITE。","PRODUCT_APPROXIMATION"
"ita1_atalanta","ita1_atalanta","亚特兰大","Serie A（20）","BLUE_BLACK","蓝黑主视觉，归入 BLUE_BLACK。","PRODUCT_APPROXIMATION"
"ita1_napoli","ita1_napoli","那不勒斯","Serie A（20）","SKY_BLUE","天蓝主视觉，归入 SKY_BLUE。","PRODUCT_APPROXIMATION"
"ita1_roma","ita1_roma","罗马","Serie A（20）","RED_GOLD","红黄或酒红金主视觉，归入 RED_GOLD。","PRODUCT_APPROXIMATION"
"ita1_como","ita1_como","科莫","Serie A（20）","SKY_BLUE","天蓝主视觉，归入 SKY_BLUE。","PRODUCT_APPROXIMATION"
"ita_bologna","ita1_bologna","博洛尼亚","Serie A（20）","BLUE_RED","蓝红主视觉，归入 BLUE_RED。","PRODUCT_APPROXIMATION"
"ita1_fiorentina","ita1_fiorentina","佛罗伦萨","Serie A（20）","PURPLE_PINK","紫色或粉色主视觉，归入 PURPLE_PINK。","PRODUCT_APPROXIMATION"
"ita1_lazio","ita1_lazio","拉齐奥","Serie A（20）","SKY_BLUE","天蓝主视觉，归入 SKY_BLUE。","PRODUCT_APPROXIMATION"
"ita_torino","ita1_torino","都灵","Serie A（20）","CLARET_BLUE","酒红与蓝色主视觉，归入 CLARET_BLUE。","PRODUCT_APPROXIMATION"
"ita1_cagliari","ita1_cagliari","卡利亚里","Serie A（20）","BLUE_RED","蓝红主视觉，归入 BLUE_RED。","PRODUCT_APPROXIMATION"
"ita1_frosinone","ita1_frosinone","弗罗西诺内","Serie A（20）","YELLOW_BLUE","黄蓝主视觉，归入 YELLOW_BLUE。","PRODUCT_APPROXIMATION"
"ita1_genoa","ita1_genoa","热那亚","Serie A（20）","BLUE_RED","蓝红主视觉，归入 BLUE_RED。","PRODUCT_APPROXIMATION"
"ita1_lecce","ita1_lecce","莱切","Serie A（20）","RED_GOLD","红黄或酒红金主视觉，归入 RED_GOLD。","PRODUCT_APPROXIMATION"
"ita1_monza","ita1_monza","蒙扎","Serie A（20）","RED_WHITE","红色主视觉、白色辅助，归入 RED_WHITE。","PRODUCT_APPROXIMATION"
"ita1_parma","ita1_parma","帕尔马","Serie A（20）","YELLOW_BLUE","黄蓝主视觉，归入 YELLOW_BLUE。","PRODUCT_APPROXIMATION"
"ita1_sassuolo","ita1_sassuolo","萨索洛","Serie A（20）","GREEN_YELLOW","绿白或绿黄主视觉，归入 GREEN_YELLOW。","PRODUCT_APPROXIMATION"
"ita1_udinese","ita1_udinese","乌迪内斯","Serie A（20）","BLACK_WHITE","黑白或白色主视觉，归入 BLACK_WHITE。","PRODUCT_APPROXIMATION"
"ita1_venezia","ita1_venezia","威尼斯","Serie A（20）","ORANGE","橙色主视觉，归入 ORANGE。","PRODUCT_APPROXIMATION"
"ita2_cremonese","ita2_cremonese","克雷莫内塞","Serie B（20）","RED_WHITE","红色主视觉、白色辅助，归入 RED_WHITE。","PRODUCT_APPROXIMATION"
"ita2_empoli","ita2_empoli","恩波利","Serie B（20）","SKY_BLUE","天蓝主视觉，归入 SKY_BLUE。","PRODUCT_APPROXIMATION"
"ita2_hellas_verona","ita2_hellas_verona","维罗纳","Serie B（20）","YELLOW_BLUE","黄蓝主视觉，归入 YELLOW_BLUE。","PRODUCT_APPROXIMATION"
"ita2_palermo","ita2_palermo","巴勒莫","Serie B（20）","PURPLE_PINK","紫色或粉色主视觉，归入 PURPLE_PINK。","PRODUCT_APPROXIMATION"
"ita2_pisa","ita2_pisa","比萨","Serie B（20）","BLUE_BLACK","蓝黑主视觉，归入 BLUE_BLACK。","PRODUCT_APPROXIMATION"
"ita2_sampdoria","ita2_sampdoria","桑普多利亚","Serie B（20）","BLUE_BLACK","蓝黑主视觉，归入 BLUE_BLACK。","PRODUCT_APPROXIMATION"
"ita2_avellino","ita2_avellino","阿韦利诺","Serie B（20）","GREEN_YELLOW","绿白或绿黄主视觉，归入 GREEN_YELLOW。","PRODUCT_APPROXIMATION"
"ita2_catanzaro","ita2_catanzaro","卡坦扎罗","Serie B（20）","RED_GOLD","红黄或酒红金主视觉，归入 RED_GOLD。","PRODUCT_APPROXIMATION"
"ita2_cesena","ita2_cesena","切塞纳","Serie B（20）","BLACK_WHITE","黑白或白色主视觉，归入 BLACK_WHITE。","PRODUCT_APPROXIMATION"
"ita2_juve_stabia","ita2_juve_stabia","史泰比亚","Serie B（20）","YELLOW_BLUE","黄蓝主视觉，归入 YELLOW_BLUE。","PRODUCT_APPROXIMATION"
"ita2_l_r_vicenza","ita2_l_r_vicenza","维琴察","Serie B（20）","RED_WHITE","红色主视觉、白色辅助，归入 RED_WHITE。","PRODUCT_APPROXIMATION"
"ita2_mantova","ita2_mantova","曼托瓦","Serie B（20）","RED_WHITE","红色主视觉、白色辅助，归入 RED_WHITE。","PRODUCT_APPROXIMATION"
"ita2_modena","ita2_modena","摩德纳","Serie B（20）","YELLOW_BLUE","黄蓝主视觉，归入 YELLOW_BLUE。","PRODUCT_APPROXIMATION"
"ita2_padova","ita2_padova","帕多瓦","Serie B（20）","RED_WHITE","红色主视觉、白色辅助，归入 RED_WHITE。","PRODUCT_APPROXIMATION"
"ita2_sudtirol","ita2_sudtirol","南蒂罗尔","Serie B（20）","RED_WHITE","红色主视觉、白色辅助，归入 RED_WHITE。","PRODUCT_APPROXIMATION"
"ita2_arezzo","ita2_arezzo","阿雷佐","Serie B（20）","RED_BLACK","红黑主视觉，归入 RED_BLACK。","PRODUCT_APPROXIMATION"
"ita2_ascoli","ita2_ascoli","阿斯科利","Serie B（20）","BLACK_WHITE","黑白或白色主视觉，归入 BLACK_WHITE。","PRODUCT_APPROXIMATION"
"ita2_benevento","ita2_benevento","贝内文托","Serie B（20）","RED_GOLD","红黄或酒红金主视觉，归入 RED_GOLD。","PRODUCT_APPROXIMATION"
"ita2_carrarese","ita2_carrarese","卡拉雷塞","Serie B（20）","SKY_BLUE","天蓝主视觉，归入 SKY_BLUE。","PRODUCT_APPROXIMATION"
"ita2_virtus_entella","ita2_virtus_entella","恩特拉","Serie B（20）","ROYAL_BLUE","深蓝或蓝白主视觉，归入 ROYAL_BLUE。","PRODUCT_APPROXIMATION"
"ger_bayern","ger1_bayern_munchen","拜仁慕尼黑","Bundesliga（18）","RED_WHITE","红色主视觉、白色辅助，归入 RED_WHITE。","PRODUCT_APPROXIMATION"
"ger1_bayer_leverkusen","ger1_bayer_leverkusen","勒沃库森","Bundesliga（18）","RED_BLACK","红黑主视觉，归入 RED_BLACK。","PRODUCT_APPROXIMATION"
"ger_dortmund","ger1_borussia_dortmund","多特蒙德","Bundesliga（18）","YELLOW_BLACK","黄黑主视觉，归入 YELLOW_BLACK。","PRODUCT_APPROXIMATION"
"ger_frankfurt","ger1_eintracht_frankfurt","法兰克福","Bundesliga（18）","RED_BLACK","红黑主视觉，归入 RED_BLACK。","PRODUCT_APPROXIMATION"
"ger1_rb_leipzig","ger1_rb_leipzig","RB莱比锡","Bundesliga（18）","RED_WHITE","红色主视觉、白色辅助，归入 RED_WHITE。","PRODUCT_APPROXIMATION"
"ger1_borussia_monchengladbach","ger1_borussia_monchengladbach","门兴格拉德巴赫","Bundesliga（18）","BLACK_WHITE","黑白或白色主视觉，归入 BLACK_WHITE。","PRODUCT_APPROXIMATION"
"ger1_freiburg","ger1_freiburg","弗赖堡","Bundesliga（18）","RED_BLACK","红黑主视觉，归入 RED_BLACK。","PRODUCT_APPROXIMATION"
"ger1_hoffenheim","ger1_hoffenheim","霍芬海姆","Bundesliga（18）","ROYAL_BLUE","深蓝或蓝白主视觉，归入 ROYAL_BLUE。","PRODUCT_APPROXIMATION"
"ger1_stuttgart","ger1_stuttgart","斯图加特","Bundesliga（18）","RED_WHITE","红色主视觉、白色辅助，归入 RED_WHITE。","PRODUCT_APPROXIMATION"
"ger1_augsburg","ger1_augsburg","奥格斯堡","Bundesliga（18）","RED_WHITE","红色主视觉、白色辅助，归入 RED_WHITE。","PRODUCT_APPROXIMATION"
"ger1_elversberg","ger1_elversberg","艾禾斯堡","Bundesliga（18）","ROYAL_BLUE","深蓝或蓝白主视觉，归入 ROYAL_BLUE。","PRODUCT_APPROXIMATION"
"ger1_hamburg","ger1_hamburg","汉堡","Bundesliga（18）","ROYAL_BLUE","深蓝或蓝白主视觉，归入 ROYAL_BLUE。","PRODUCT_APPROXIMATION"
"ger1_koln","ger1_koln","科隆","Bundesliga（18）","RED_WHITE","红色主视觉、白色辅助，归入 RED_WHITE。","PRODUCT_APPROXIMATION"
"ger_mainz","ger1_mainz_05","美因茨05","Bundesliga（18）","RED_WHITE","红色主视觉、白色辅助，归入 RED_WHITE。","PRODUCT_APPROXIMATION"
"ger1_paderborn","ger1_paderborn","帕德博恩","Bundesliga（18）","ROYAL_BLUE","深蓝或蓝白主视觉，归入 ROYAL_BLUE。","PRODUCT_APPROXIMATION"
"ger1_schalke_04","ger1_schalke_04","沙尔克04","Bundesliga（18）","ROYAL_BLUE","深蓝或蓝白主视觉，归入 ROYAL_BLUE。","PRODUCT_APPROXIMATION"
"ger1_union_berlin","ger1_union_berlin","柏林联合","Bundesliga（18）","RED_WHITE","红色主视觉、白色辅助，归入 RED_WHITE。","PRODUCT_APPROXIMATION"
"ger1_werder_bremen","ger1_werder_bremen","云达不莱梅","Bundesliga（18）","GREEN_YELLOW","绿白或绿黄主视觉，归入 GREEN_YELLOW。","PRODUCT_APPROXIMATION"
"ger2_bochum","ger2_bochum","波鸿","2. Bundesliga（18）","ROYAL_BLUE","深蓝或蓝白主视觉，归入 ROYAL_BLUE。","PRODUCT_APPROXIMATION"
"ger2_hertha_bsc","ger2_hertha_bsc","柏林赫塔","2. Bundesliga（18）","ROYAL_BLUE","深蓝或蓝白主视觉，归入 ROYAL_BLUE。","PRODUCT_APPROXIMATION"
"ger2_st_pauli","ger2_st_pauli","圣保利","2. Bundesliga（18）","RED_BLACK","红黑主视觉，归入 RED_BLACK。","PRODUCT_APPROXIMATION"
"ger2_wolfsburg","ger2_wolfsburg","沃尔夫斯堡","2. Bundesliga（18）","GREEN_YELLOW","绿白或绿黄主视觉，归入 GREEN_YELLOW。","PRODUCT_APPROXIMATION"
"ger2_arminia_bielefeld","ger2_arminia_bielefeld","比勒费尔德","2. Bundesliga（18）","BLACK_WHITE","黑白或白色主视觉，归入 BLACK_WHITE。","PRODUCT_APPROXIMATION"
"ger2_braunschweig","ger2_braunschweig","不伦瑞克","2. Bundesliga（18）","YELLOW_BLUE","黄蓝主视觉，归入 YELLOW_BLUE。","PRODUCT_APPROXIMATION"
"ger2_darmstadt_98","ger2_darmstadt_98","达姆施塔特98","2. Bundesliga（18）","SKY_BLUE","天蓝主视觉，归入 SKY_BLUE。","PRODUCT_APPROXIMATION"
"ger2_dynamo_dresden","ger2_dynamo_dresden","德累斯顿迪纳摩","2. Bundesliga（18）","YELLOW_BLACK","黄黑主视觉，归入 YELLOW_BLACK。","PRODUCT_APPROXIMATION"
"ger2_greuther_furth","ger2_greuther_furth","菲尔特","2. Bundesliga（18）","GREEN_YELLOW","绿白或绿黄主视觉，归入 GREEN_YELLOW。","PRODUCT_APPROXIMATION"
"ger2_hannover_96","ger2_hannover_96","汉诺威96","2. Bundesliga（18）","RED_BLACK","红黑主视觉，归入 RED_BLACK。","PRODUCT_APPROXIMATION"
"ger2_heidenheim","ger2_heidenheim","海登海姆","2. Bundesliga（18）","RED_WHITE","红色主视觉、白色辅助，归入 RED_WHITE。","PRODUCT_APPROXIMATION"
"ger2_holstein_kiel","ger2_holstein_kiel","荷尔斯泰因基尔","2. Bundesliga（18）","ROYAL_BLUE","深蓝或蓝白主视觉，归入 ROYAL_BLUE。","PRODUCT_APPROXIMATION"
"ger2_kaiserslautern","ger2_kaiserslautern","凯泽斯劳滕","2. Bundesliga（18）","RED_WHITE","红色主视觉、白色辅助，归入 RED_WHITE。","PRODUCT_APPROXIMATION"
"ger2_karlsruher_sc","ger2_karlsruher_sc","卡尔斯鲁厄","2. Bundesliga（18）","ROYAL_BLUE","深蓝或蓝白主视觉，归入 ROYAL_BLUE。","PRODUCT_APPROXIMATION"
"ger2_magdeburg","ger2_magdeburg","马格德堡","2. Bundesliga（18）","ROYAL_BLUE","深蓝或蓝白主视觉，归入 ROYAL_BLUE。","PRODUCT_APPROXIMATION"
"ger2_nurnberg","ger2_nurnberg","纽伦堡","2. Bundesliga（18）","RED_BLACK","红黑主视觉，归入 RED_BLACK。","PRODUCT_APPROXIMATION"
"ger2_energie_cottbus","ger2_energie_cottbus","科特布斯","2. Bundesliga（18）","RED_WHITE","红色主视觉、白色辅助，归入 RED_WHITE。","PRODUCT_APPROXIMATION"
"ger2_osnabruck","ger2_osnabruck","奥斯纳布吕克","2. Bundesliga（18）","PURPLE_PINK","紫色或粉色主视觉，归入 PURPLE_PINK。","PRODUCT_APPROXIMATION"
"fra_psg","fra1_paris_saint_germain","巴黎圣日耳曼","Ligue 1（18）","BLUE_RED","蓝红主视觉，归入 BLUE_RED。","PRODUCT_APPROXIMATION"
"fra_monaco","fra1_as_monaco","摩纳哥","Ligue 1（18）","RED_WHITE","红色主视觉、白色辅助，归入 RED_WHITE。","PRODUCT_APPROXIMATION"
"fra1_marseille","fra1_marseille","马赛","Ligue 1（18）","SKY_BLUE","天蓝主视觉，归入 SKY_BLUE。","PRODUCT_APPROXIMATION"
"fra1_olympique_lyonnais","fra1_olympique_lyonnais","里昂","Ligue 1（18）","ROYAL_BLUE","深蓝或蓝白主视觉，归入 ROYAL_BLUE。","PRODUCT_APPROXIMATION"
"fra1_brest","fra1_brest","布雷斯特","Ligue 1（18）","RED_WHITE","红色主视觉、白色辅助，归入 RED_WHITE。","PRODUCT_APPROXIMATION"
"fra1_lens","fra1_lens","朗斯","Ligue 1（18）","RED_GOLD","红黄或酒红金主视觉，归入 RED_GOLD。","PRODUCT_APPROXIMATION"
"fra_lille","fra1_lille","里尔","Ligue 1（18）","RED_WHITE","红色主视觉、白色辅助，归入 RED_WHITE。","PRODUCT_APPROXIMATION"
"fra1_nice","fra1_nice","尼斯","Ligue 1（18）","RED_BLACK","红黑主视觉，归入 RED_BLACK。","PRODUCT_APPROXIMATION"
"fra1_rennes","fra1_rennes","雷恩","Ligue 1（18）","RED_BLACK","红黑主视觉，归入 RED_BLACK。","PRODUCT_APPROXIMATION"
"fra_strasbourg","fra1_strasbourg","斯特拉斯堡","Ligue 1（18）","ROYAL_BLUE","深蓝或蓝白主视觉，归入 ROYAL_BLUE。","PRODUCT_APPROXIMATION"
"fra1_angers","fra1_angers","昂热","Ligue 1（18）","BLACK_WHITE","黑白或白色主视觉，归入 BLACK_WHITE。","PRODUCT_APPROXIMATION"
"fra1_auxerre","fra1_auxerre","欧塞尔","Ligue 1（18）","ROYAL_BLUE","深蓝或蓝白主视觉，归入 ROYAL_BLUE。","PRODUCT_APPROXIMATION"
"fra1_le_havre","fra1_le_havre","勒阿弗尔","Ligue 1（18）","SKY_BLUE","天蓝主视觉，归入 SKY_BLUE。","PRODUCT_APPROXIMATION"
"fra1_le_mans","fra1_le_mans","勒芒","Ligue 1（18）","RED_BLACK","红黑主视觉，归入 RED_BLACK。","PRODUCT_APPROXIMATION"
"fra1_lorient","fra1_lorient","洛里昂","Ligue 1（18）","ORANGE","橙色主视觉，归入 ORANGE。","PRODUCT_APPROXIMATION"
"fra1_paris_fc","fra1_paris_fc","巴黎FC","Ligue 1（18）","ROYAL_BLUE","深蓝或蓝白主视觉，归入 ROYAL_BLUE。","PRODUCT_APPROXIMATION"
"fra1_toulouse","fra1_toulouse","图卢兹","Ligue 1（18）","PURPLE_PINK","紫色或粉色主视觉，归入 PURPLE_PINK。","PRODUCT_APPROXIMATION"
"fra1_troyes","fra1_troyes","特鲁瓦","Ligue 1（18）","SKY_BLUE","天蓝主视觉，归入 SKY_BLUE。","PRODUCT_APPROXIMATION"
"fra2_metz","fra2_metz","梅斯","Ligue 2（18）","CLARET_BLUE","酒红与蓝色主视觉，归入 CLARET_BLUE。","PRODUCT_APPROXIMATION"
"fra2_montpellier","fra2_montpellier","蒙彼利埃","Ligue 2（18）","ROYAL_BLUE","深蓝或蓝白主视觉，归入 ROYAL_BLUE。","PRODUCT_APPROXIMATION"
"fra2_nantes","fra2_nantes","南特","Ligue 2（18）","GREEN_YELLOW","绿白或绿黄主视觉，归入 GREEN_YELLOW。","PRODUCT_APPROXIMATION"
"fra2_reims","fra2_reims","兰斯","Ligue 2（18）","RED_WHITE","红色主视觉、白色辅助，归入 RED_WHITE。","PRODUCT_APPROXIMATION"
"fra2_saint_etienne","fra2_saint_etienne","圣埃蒂安","Ligue 2（18）","GREEN_YELLOW","绿白或绿黄主视觉，归入 GREEN_YELLOW。","PRODUCT_APPROXIMATION"
"fra2_annecy","fra2_annecy","昂纳西","Ligue 2（18）","RED_WHITE","红色主视觉、白色辅助，归入 RED_WHITE。","PRODUCT_APPROXIMATION"
"fra2_clermont_foot","fra2_clermont_foot","克莱蒙","Ligue 2（18）","RED_WHITE","红色主视觉、白色辅助，归入 RED_WHITE。","PRODUCT_APPROXIMATION"
"fra2_dunkerque","fra2_dunkerque","敦刻尔克","Ligue 2（18）","ROYAL_BLUE","深蓝或蓝白主视觉，归入 ROYAL_BLUE。","PRODUCT_APPROXIMATION"
"fra2_grenoble","fra2_grenoble","格勒诺布尔","Ligue 2（18）","ROYAL_BLUE","深蓝或蓝白主视觉，归入 ROYAL_BLUE。","PRODUCT_APPROXIMATION"
"fra2_guingamp","fra2_guingamp","甘冈","Ligue 2（18）","RED_BLACK","红黑主视觉，归入 RED_BLACK。","PRODUCT_APPROXIMATION"
"fra2_laval","fra2_laval","拉瓦勒","Ligue 2（18）","RED_WHITE","红色主视觉、白色辅助，归入 RED_WHITE。","PRODUCT_APPROXIMATION"
"fra2_nancy","fra2_nancy","南锡","Ligue 2（18）","RED_WHITE","红色主视觉、白色辅助，归入 RED_WHITE。","PRODUCT_APPROXIMATION"
"fra2_pau","fra2_pau","波城","Ligue 2（18）","YELLOW_BLUE","黄蓝主视觉，归入 YELLOW_BLUE。","PRODUCT_APPROXIMATION"
"fra2_red_star","fra2_red_star","红星","Ligue 2（18）","GREEN_YELLOW","绿白或绿黄主视觉，归入 GREEN_YELLOW。","PRODUCT_APPROXIMATION"
"fra2_rodez","fra2_rodez","罗德兹","Ligue 2（18）","RED_GOLD","红黄或酒红金主视觉，归入 RED_GOLD。","PRODUCT_APPROXIMATION"
"fra2_sochaux","fra2_sochaux","索肖","Ligue 2（18）","YELLOW_BLUE","黄蓝主视觉，归入 YELLOW_BLUE。","PRODUCT_APPROXIMATION"
"fra2_boulogne","fra2_boulogne","布洛涅","Ligue 2（18）","RED_BLACK","红黑主视觉，归入 RED_BLACK。","PRODUCT_APPROXIMATION"
"fra2_dijon","fra2_dijon","第戎","Ligue 2（18）","RED_WHITE","红色主视觉、白色辅助，归入 RED_WHITE。","PRODUCT_APPROXIMATION"
"ned_ajax","ned1_ajax","阿贾克斯","Eredivisie（18）","RED_WHITE","红色主视觉、白色辅助，归入 RED_WHITE。","PRODUCT_APPROXIMATION"
"ned1_feyenoord","ned1_feyenoord","费耶诺德","Eredivisie（18）","RED_WHITE","红色主视觉、白色辅助，归入 RED_WHITE。","PRODUCT_APPROXIMATION"
"ned_psv","ned1_psv","埃因霍温","Eredivisie（18）","RED_WHITE","红色主视觉、白色辅助，归入 RED_WHITE。","PRODUCT_APPROXIMATION"
"ned1_az","ned1_az","阿尔克马尔","Eredivisie（18）","RED_WHITE","红色主视觉、白色辅助，归入 RED_WHITE。","PRODUCT_APPROXIMATION"
"ned1_nec","ned1_nec","奈梅亨","Eredivisie（18）","RED_BLACK","红黑主视觉，归入 RED_BLACK。","PRODUCT_APPROXIMATION"
"ned1_twente","ned1_twente","特温特","Eredivisie（18）","RED_WHITE","红色主视觉、白色辅助，归入 RED_WHITE。","PRODUCT_APPROXIMATION"
"ned1_utrecht","ned1_utrecht","乌德勒支","Eredivisie（18）","RED_WHITE","红色主视觉、白色辅助，归入 RED_WHITE。","PRODUCT_APPROXIMATION"
"ned1_ado_den_haag","ned1_ado_den_haag","海牙","Eredivisie（18）","GREEN_YELLOW","绿白或绿黄主视觉，归入 GREEN_YELLOW。","PRODUCT_APPROXIMATION"
"ned1_cambuur","ned1_cambuur","坎布尔","Eredivisie（18）","YELLOW_BLUE","黄蓝主视觉，归入 YELLOW_BLUE。","PRODUCT_APPROXIMATION"
"ned1_excelsior","ned1_excelsior","精英","Eredivisie（18）","RED_BLACK","红黑主视觉，归入 RED_BLACK。","PRODUCT_APPROXIMATION"
"ned1_fortuna_sittard","ned1_fortuna_sittard","福图纳锡塔德","Eredivisie（18）","GREEN_YELLOW","绿白或绿黄主视觉，归入 GREEN_YELLOW。","PRODUCT_APPROXIMATION"
"ned1_go_ahead_eagles","ned1_go_ahead_eagles","前进之鹰","Eredivisie（18）","RED_GOLD","红黄或酒红金主视觉，归入 RED_GOLD。","PRODUCT_APPROXIMATION"
"ned1_groningen","ned1_groningen","格罗宁根","Eredivisie（18）","GREEN_YELLOW","绿白或绿黄主视觉，归入 GREEN_YELLOW。","PRODUCT_APPROXIMATION"
"ned1_heerenveen","ned1_heerenveen","海伦芬","Eredivisie（18）","ROYAL_BLUE","深蓝或蓝白主视觉，归入 ROYAL_BLUE。","PRODUCT_APPROXIMATION"
"ned1_pec_zwolle","ned1_pec_zwolle","兹沃勒","Eredivisie（18）","ROYAL_BLUE","深蓝或蓝白主视觉，归入 ROYAL_BLUE。","PRODUCT_APPROXIMATION"
"ned1_sparta_rotterdam","ned1_sparta_rotterdam","鹿特丹斯巴达","Eredivisie（18）","RED_WHITE","红色主视觉、白色辅助，归入 RED_WHITE。","PRODUCT_APPROXIMATION"
"ned1_telstar","ned1_telstar","特尔斯达","Eredivisie（18）","ROYAL_BLUE","深蓝或蓝白主视觉，归入 ROYAL_BLUE。","PRODUCT_APPROXIMATION"
"ned1_willem_ii","ned1_willem_ii","威廉二世","Eredivisie（18）","RED_WHITE","红色主视觉、白色辅助，归入 RED_WHITE。","PRODUCT_APPROXIMATION"
"por_benfica","por1_benfica","本菲卡","Liga Portugal（18）","RED_WHITE","红色主视觉、白色辅助，归入 RED_WHITE。","PRODUCT_APPROXIMATION"
"por_porto","por1_fc_porto","波尔图","Liga Portugal（18）","ROYAL_BLUE","深蓝或蓝白主视觉，归入 ROYAL_BLUE。","PRODUCT_APPROXIMATION"
"por1_sporting_cp","por1_sporting_cp","葡萄牙体育","Liga Portugal（18）","GREEN_YELLOW","绿白或绿黄主视觉，归入 GREEN_YELLOW。","PRODUCT_APPROXIMATION"
"por1_braga","por1_braga","布拉加","Liga Portugal（18）","RED_WHITE","红色主视觉、白色辅助，归入 RED_WHITE。","PRODUCT_APPROXIMATION"
"por1_famalicao","por1_famalicao","法马利康","Liga Portugal（18）","ROYAL_BLUE","深蓝或蓝白主视觉，归入 ROYAL_BLUE。","PRODUCT_APPROXIMATION"
"por1_vitoria_sc","por1_vitoria_sc","吉马良斯","Liga Portugal（18）","BLACK_WHITE","黑白或白色主视觉，归入 BLACK_WHITE。","PRODUCT_APPROXIMATION"
"por1_academico_de_viseu","por1_academico_de_viseu","维塞乌学院","Liga Portugal（18）","ROYAL_BLUE","深蓝或蓝白主视觉，归入 ROYAL_BLUE。","PRODUCT_APPROXIMATION"
"por1_alverca","por1_alverca","阿尔维卡","Liga Portugal（18）","RED_WHITE","红色主视觉、白色辅助，归入 RED_WHITE。","PRODUCT_APPROXIMATION"
"por1_arouca","por1_arouca","阿罗卡","Liga Portugal（18）","YELLOW_BLUE","黄蓝主视觉，归入 YELLOW_BLUE。","PRODUCT_APPROXIMATION"
"por1_casa_pia","por1_casa_pia","卡萨皮亚","Liga Portugal（18）","BLACK_WHITE","黑白或白色主视觉，归入 BLACK_WHITE。","PRODUCT_APPROXIMATION"
"por1_estoril_praia","por1_estoril_praia","埃斯托里尔","Liga Portugal（18）","YELLOW_BLUE","黄蓝主视觉，归入 YELLOW_BLUE。","PRODUCT_APPROXIMATION"
"por1_estrela_da_amadora","por1_estrela_da_amadora","阿马多拉之星","Liga Portugal（18）","RED_WHITE","红色主视觉、白色辅助，归入 RED_WHITE。","PRODUCT_APPROXIMATION"
"por1_gil_vicente","por1_gil_vicente","吉维森特","Liga Portugal（18）","RED_WHITE","红色主视觉、白色辅助，归入 RED_WHITE。","PRODUCT_APPROXIMATION"
"por1_maritimo","por1_maritimo","马里迪莫","Liga Portugal（18）","GREEN_YELLOW","绿白或绿黄主视觉，归入 GREEN_YELLOW。","PRODUCT_APPROXIMATION"
"por1_moreirense","por1_moreirense","莫雷拉人","Liga Portugal（18）","GREEN_YELLOW","绿白或绿黄主视觉，归入 GREEN_YELLOW。","PRODUCT_APPROXIMATION"
"por1_nacional","por1_nacional","国民","Liga Portugal（18）","BLACK_WHITE","黑白或白色主视觉，归入 BLACK_WHITE。","PRODUCT_APPROXIMATION"
"por1_rio_ave","por1_rio_ave","里奥阿维","Liga Portugal（18）","GREEN_YELLOW","绿白或绿黄主视觉，归入 GREEN_YELLOW。","PRODUCT_APPROXIMATION"
"por1_santa_clara","por1_santa_clara","圣克拉拉","Liga Portugal（18）","RED_WHITE","红色主视觉、白色辅助，归入 RED_WHITE。","PRODUCT_APPROXIMATION"
"bel_anderlecht","bel1_anderlecht","安德莱赫特","Belgian Pro League（18）","PURPLE_PINK","紫色或粉色主视觉，归入 PURPLE_PINK。","PRODUCT_APPROXIMATION"
"bel_brugge","bel1_club_brugge","布鲁日","Belgian Pro League（18）","BLUE_BLACK","蓝黑主视觉，归入 BLUE_BLACK。","PRODUCT_APPROXIMATION"
"bel1_union_saint_gilloise","bel1_union_saint_gilloise","圣吉罗斯联合","Belgian Pro League（18）","YELLOW_BLUE","黄蓝主视觉，归入 YELLOW_BLUE。","PRODUCT_APPROXIMATION"
"bel1_antwerp","bel1_antwerp","安特卫普","Belgian Pro League（18）","RED_WHITE","红色主视觉、白色辅助，归入 RED_WHITE。","PRODUCT_APPROXIMATION"
"bel1_genk","bel1_genk","亨克","Belgian Pro League（18）","ROYAL_BLUE","深蓝或蓝白主视觉，归入 ROYAL_BLUE。","PRODUCT_APPROXIMATION"
"bel1_gent","bel1_gent","根特","Belgian Pro League（18）","ROYAL_BLUE","深蓝或蓝白主视觉，归入 ROYAL_BLUE。","PRODUCT_APPROXIMATION"
"bel1_cercle_brugge","bel1_cercle_brugge","色格拉布鲁日","Belgian Pro League（18）","GREEN_YELLOW","绿白或绿黄主视觉，归入 GREEN_YELLOW。","PRODUCT_APPROXIMATION"
"bel1_charleroi","bel1_charleroi","沙勒罗瓦","Belgian Pro League（18）","BLACK_WHITE","黑白或白色主视觉，归入 BLACK_WHITE。","PRODUCT_APPROXIMATION"
"bel1_kortrijk","bel1_kortrijk","科特赖克","Belgian Pro League（18）","RED_WHITE","红色主视觉、白色辅助，归入 RED_WHITE。","PRODUCT_APPROXIMATION"
"bel1_la_louviere","bel1_la_louviere","拉卢维耶尔","Belgian Pro League（18）","GREEN_YELLOW","绿白或绿黄主视觉，归入 GREEN_YELLOW。","PRODUCT_APPROXIMATION"
"bel1_lommel","bel1_lommel","洛默尔","Belgian Pro League（18）","GREEN_YELLOW","绿白或绿黄主视觉，归入 GREEN_YELLOW。","PRODUCT_APPROXIMATION"
"bel1_mechelen","bel1_mechelen","梅赫伦","Belgian Pro League（18）","RED_GOLD","红黄或酒红金主视觉，归入 RED_GOLD。","PRODUCT_APPROXIMATION"
"bel1_oh_leuven","bel1_oh_leuven","旧海弗莱鲁汶","Belgian Pro League（18）","ROYAL_BLUE","深蓝或蓝白主视觉，归入 ROYAL_BLUE。","PRODUCT_APPROXIMATION"
"bel1_sint_truiden","bel1_sint_truiden","圣图尔登","Belgian Pro League（18）","YELLOW_BLUE","黄蓝主视觉，归入 YELLOW_BLUE。","PRODUCT_APPROXIMATION"
"bel1_standard_liege","bel1_standard_liege","标准列日","Belgian Pro League（18）","RED_WHITE","红色主视觉、白色辅助，归入 RED_WHITE。","PRODUCT_APPROXIMATION"
"bel1_waasland_beveren","bel1_waasland_beveren","瓦斯兰贝弗伦","Belgian Pro League（18）","YELLOW_BLUE","黄蓝主视觉，归入 YELLOW_BLUE。","PRODUCT_APPROXIMATION"
"bel1_westerlo","bel1_westerlo","韦斯特洛","Belgian Pro League（18）","YELLOW_BLUE","黄蓝主视觉，归入 YELLOW_BLUE。","PRODUCT_APPROXIMATION"
"bel1_zulte_waregem","bel1_zulte_waregem","瓦勒海姆聚尔特","Belgian Pro League（18）","RED_WHITE","深红主视觉与白色大面积辅助优先；绿色作为被简化的第三色。","PRODUCT_APPROXIMATION"
"jpn1_cerezo_osaka","jpn1_cerezo_osaka","大阪樱花","J1 League（20）","PURPLE_PINK","紫色或粉色主视觉，归入 PURPLE_PINK。","PRODUCT_APPROXIMATION"
"jpn1_gamba_osaka","jpn1_gamba_osaka","大阪钢巴","J1 League（20）","ROYAL_BLUE","深蓝或蓝白主视觉，归入 ROYAL_BLUE。","PRODUCT_APPROXIMATION"
"jpn1_kashima_antlers","jpn1_kashima_antlers","鹿岛鹿角","J1 League（20）","RED_BLACK","红黑主视觉，归入 RED_BLACK。","PRODUCT_APPROXIMATION"
"jpn1_kashiwa_reysol","jpn1_kashiwa_reysol","柏太阳神","J1 League（20）","YELLOW_BLACK","黄黑主视觉，归入 YELLOW_BLACK。","PRODUCT_APPROXIMATION"
"jpn1_kawasaki_frontale","jpn1_kawasaki_frontale","川崎前锋","J1 League（20）","SKY_BLUE","天蓝主视觉，归入 SKY_BLUE。","PRODUCT_APPROXIMATION"
"jpn1_nagoya_grampus","jpn1_nagoya_grampus","名古屋鲸鱼","J1 League（20）","RED_BLACK","红黑主视觉，归入 RED_BLACK。","PRODUCT_APPROXIMATION"
"jpn1_sanfrecce_hiroshima","jpn1_sanfrecce_hiroshima","广岛三箭","J1 League（20）","PURPLE_PINK","紫色或粉色主视觉，归入 PURPLE_PINK。","PRODUCT_APPROXIMATION"
"jpn_urawa","jpn1_urawa_red_diamonds","浦和红钻","J1 League（20）","RED_WHITE","红色主视觉、白色辅助，归入 RED_WHITE。","PRODUCT_APPROXIMATION"
"jpn_vissel","jpn1_vissel_kobe","神户胜利船","J1 League（20）","RED_WHITE","红色主视觉、白色辅助，归入 RED_WHITE。","PRODUCT_APPROXIMATION"
"jpn1_yokohama_f_marinos","jpn1_yokohama_f_marinos","横滨水手","J1 League（20）","ROYAL_BLUE","深蓝或蓝白主视觉，归入 ROYAL_BLUE。","PRODUCT_APPROXIMATION"
"jpn1_avispa_fukuoka","jpn1_avispa_fukuoka","福冈黄蜂","J1 League（20）","ROYAL_BLUE","深蓝或蓝白主视觉，归入 ROYAL_BLUE。","PRODUCT_APPROXIMATION"
"jpn1_fc_tokyo","jpn1_fc_tokyo","东京FC","J1 League（20）","BLUE_RED","蓝红主视觉，归入 BLUE_RED。","PRODUCT_APPROXIMATION"
"jpn1_fagiano_okayama","jpn1_fagiano_okayama","冈山绿雉","J1 League（20）","RED_WHITE","红色主视觉、白色辅助，归入 RED_WHITE。","PRODUCT_APPROXIMATION"
"jpn1_jef_united_chiba","jpn1_jef_united_chiba","千叶市原","J1 League（20）","GREEN_YELLOW","绿白或绿黄主视觉，归入 GREEN_YELLOW。","PRODUCT_APPROXIMATION"
"jpn1_kyoto_sanga","jpn1_kyoto_sanga","京都不死鸟","J1 League（20）","PURPLE_PINK","紫色或粉色主视觉，归入 PURPLE_PINK。","PRODUCT_APPROXIMATION"
"jpn1_machida_zelvia","jpn1_machida_zelvia","町田泽维亚","J1 League（20）","ROYAL_BLUE","深蓝或蓝白主视觉，归入 ROYAL_BLUE。","PRODUCT_APPROXIMATION"
"jpn1_mito_hollyhock","jpn1_mito_hollyhock","水户蜀葵","J1 League（20）","ROYAL_BLUE","深蓝或蓝白主视觉，归入 ROYAL_BLUE。","PRODUCT_APPROXIMATION"
"jpn1_shimizu_s_pulse","jpn1_shimizu_s_pulse","清水心跳","J1 League（20）","ORANGE","橙色主视觉，归入 ORANGE。","PRODUCT_APPROXIMATION"
"jpn1_tokyo_verdy","jpn1_tokyo_verdy","东京绿茵","J1 League（20）","GREEN_YELLOW","绿白或绿黄主视觉，归入 GREEN_YELLOW。","PRODUCT_APPROXIMATION"
"jpn1_v_varen_nagasaki","jpn1_v_varen_nagasaki","长崎成功丸","J1 League（20）","ROYAL_BLUE","深蓝或蓝白主视觉，归入 ROYAL_BLUE。","PRODUCT_APPROXIMATION"
"kor1_fc_seoul","kor1_fc_seoul","首尔FC","K League 1（12）","RED_BLACK","红黑主视觉，归入 RED_BLACK。","PRODUCT_APPROXIMATION"
"kor_jeonbuk","kor1_jeonbuk_hyundai_motors","全北现代","K League 1（12）","GREEN_YELLOW","绿白或绿黄主视觉，归入 GREEN_YELLOW。","PRODUCT_APPROXIMATION"
"kor1_pohang_steelers","kor1_pohang_steelers","浦项制铁","K League 1（12）","RED_BLACK","红黑主视觉，归入 RED_BLACK。","PRODUCT_APPROXIMATION"
"kor_ulsan","kor1_ulsan_hd","蔚山HD","K League 1（12）","SKY_BLUE","天蓝主视觉，归入 SKY_BLUE。","PRODUCT_APPROXIMATION"
"kor1_bucheon_fc_1995","kor1_bucheon_fc_1995","富川FC1995","K League 1（12）","RED_BLACK","红黑主视觉，归入 RED_BLACK。","PRODUCT_APPROXIMATION"
"kor1_daejeon_hana_citizen","kor1_daejeon_hana_citizen","大田韩亚市民","K League 1（12）","PURPLE_PINK","紫色或粉色主视觉，归入 PURPLE_PINK。","PRODUCT_APPROXIMATION"
"kor1_fc_anyang","kor1_fc_anyang","安养FC","K League 1（12）","PURPLE_PINK","紫色或粉色主视觉，归入 PURPLE_PINK。","PRODUCT_APPROXIMATION"
"kor1_gangwon_fc","kor1_gangwon_fc","江原FC","K League 1（12）","ORANGE","橙色主视觉，归入 ORANGE。","PRODUCT_APPROXIMATION"
"kor1_gimcheon_sangmu","kor1_gimcheon_sangmu","金泉尚武","K League 1（12）","RED_WHITE","红色主视觉、白色辅助，归入 RED_WHITE。","PRODUCT_APPROXIMATION"
"kor1_gwangju_fc","kor1_gwangju_fc","光州FC","K League 1（12）","RED_WHITE","红色主视觉、白色辅助，归入 RED_WHITE。","PRODUCT_APPROXIMATION"
"kor1_incheon_united","kor1_incheon_united","仁川联","K League 1（12）","ROYAL_BLUE","深蓝或蓝白主视觉，归入 ROYAL_BLUE。","PRODUCT_APPROXIMATION"
"kor1_jeju_sk","kor1_jeju_sk","济州SK","K League 1（12）","ORANGE","橙色主视觉，归入 ORANGE。","PRODUCT_APPROXIMATION"
"bra_flamengo","bra1_flamengo","弗拉门戈","Campeonato Brasileiro Série A（20）","RED_BLACK","红黑主视觉，归入 RED_BLACK。","PRODUCT_APPROXIMATION"
"bra_palmeiras","bra1_palmeiras","帕尔梅拉斯","Campeonato Brasileiro Série A（20）","GREEN_YELLOW","绿白或绿黄主视觉，归入 GREEN_YELLOW。","PRODUCT_APPROXIMATION"
"bra1_atletico_mineiro","bra1_atletico_mineiro","米内罗竞技","Campeonato Brasileiro Série A（20）","BLACK_WHITE","黑白或白色主视觉，归入 BLACK_WHITE。","PRODUCT_APPROXIMATION"
"bra1_botafogo","bra1_botafogo","博塔弗戈","Campeonato Brasileiro Série A（20）","BLACK_WHITE","黑白或白色主视觉，归入 BLACK_WHITE。","PRODUCT_APPROXIMATION"
"bra1_corinthians","bra1_corinthians","科林蒂安","Campeonato Brasileiro Série A（20）","BLACK_WHITE","黑白或白色主视觉，归入 BLACK_WHITE。","PRODUCT_APPROXIMATION"
"bra1_cruzeiro","bra1_cruzeiro","克鲁塞罗","Campeonato Brasileiro Série A（20）","SKY_BLUE","天蓝主视觉，归入 SKY_BLUE。","PRODUCT_APPROXIMATION"
"bra1_fluminense","bra1_fluminense","弗鲁米嫩塞","Campeonato Brasileiro Série A（20）","CLARET_BLUE","传统酒红、绿色、白色三色中，产品模板优先保留更独特的酒红主身份；接受辅助色近似。","PRODUCT_APPROXIMATION"
"bra1_gremio","bra1_gremio","格雷米奥","Campeonato Brasileiro Série A（20）","SKY_BLUE","天蓝主视觉，归入 SKY_BLUE。","PRODUCT_APPROXIMATION"
"bra1_internacional","bra1_internacional","巴西国际","Campeonato Brasileiro Série A（20）","RED_WHITE","红色主视觉、白色辅助，归入 RED_WHITE。","PRODUCT_APPROXIMATION"
"bra1_santos","bra1_santos","桑托斯","Campeonato Brasileiro Série A（20）","BLACK_WHITE","黑白或白色主视觉，归入 BLACK_WHITE。","PRODUCT_APPROXIMATION"
"bra1_sao_paulo","bra1_sao_paulo","圣保罗","Campeonato Brasileiro Série A（20）","RED_WHITE","红色主视觉、白色辅助，归入 RED_WHITE。","PRODUCT_APPROXIMATION"
"bra1_vasco_da_gama","bra1_vasco_da_gama","瓦斯科达伽马","Campeonato Brasileiro Série A（20）","BLACK_WHITE","黑白或白色主视觉，归入 BLACK_WHITE。","PRODUCT_APPROXIMATION"
"bra1_athletico_paranaense","bra1_athletico_paranaense","巴拉纳竞技","Campeonato Brasileiro Série A（20）","RED_BLACK","红黑主视觉，归入 RED_BLACK。","PRODUCT_APPROXIMATION"
"bra1_bahia","bra1_bahia","巴伊亚","Campeonato Brasileiro Série A（20）","BLUE_RED","蓝红主视觉，归入 BLUE_RED。","PRODUCT_APPROXIMATION"
"bra1_chapecoense","bra1_chapecoense","沙佩科恩斯","Campeonato Brasileiro Série A（20）","GREEN_YELLOW","绿白或绿黄主视觉，归入 GREEN_YELLOW。","PRODUCT_APPROXIMATION"
"bra1_coritiba","bra1_coritiba","科里蒂巴","Campeonato Brasileiro Série A（20）","GREEN_YELLOW","绿白或绿黄主视觉，归入 GREEN_YELLOW。","PRODUCT_APPROXIMATION"
"bra1_mirassol","bra1_mirassol","米拉索尔","Campeonato Brasileiro Série A（20）","YELLOW_BLUE","黄蓝主视觉，归入 YELLOW_BLUE。","PRODUCT_APPROXIMATION"
"bra1_red_bull_bragantino","bra1_red_bull_bragantino","布拉干蒂诺红牛","Campeonato Brasileiro Série A（20）","RED_WHITE","红色主视觉、白色辅助，归入 RED_WHITE。","PRODUCT_APPROXIMATION"
"bra1_remo","bra1_remo","雷莫","Campeonato Brasileiro Série A（20）","ROYAL_BLUE","深蓝或蓝白主视觉，归入 ROYAL_BLUE。","PRODUCT_APPROXIMATION"
"bra1_vitoria","bra1_vitoria","维多利亚","Campeonato Brasileiro Série A（20）","RED_BLACK","红黑主视觉，归入 RED_BLACK。","PRODUCT_APPROXIMATION"
"arg_boca","arg1_boca_juniors","博卡青年","Liga Profesional（30）","YELLOW_BLUE","黄蓝主视觉，归入 YELLOW_BLUE。","PRODUCT_APPROXIMATION"
"arg_river","arg1_river_plate","河床","Liga Profesional（30）","RED_WHITE","红色主视觉、白色辅助，归入 RED_WHITE。","PRODUCT_APPROXIMATION"
"arg1_estudiantes_de_la_plata","arg1_estudiantes_de_la_plata","拉普拉塔大学生","Liga Profesional（30）","RED_WHITE","红色主视觉、白色辅助，归入 RED_WHITE。","PRODUCT_APPROXIMATION"
"arg1_independiente","arg1_independiente","独立","Liga Profesional（30）","RED_WHITE","红色主视觉、白色辅助，归入 RED_WHITE。","PRODUCT_APPROXIMATION"
"arg1_lanus","arg1_lanus","拉努斯","Liga Profesional（30）","RED_BLACK","红黑主视觉，归入 RED_BLACK。","PRODUCT_APPROXIMATION"
"arg1_newell_s_old_boys","arg1_newell_s_old_boys","纽维尔老男孩","Liga Profesional（30）","RED_BLACK","红黑主视觉，归入 RED_BLACK。","PRODUCT_APPROXIMATION"
"arg1_racing_club","arg1_racing_club","竞技","Liga Profesional（30）","SKY_BLUE","天蓝主视觉，归入 SKY_BLUE。","PRODUCT_APPROXIMATION"
"arg1_rosario_central","arg1_rosario_central","罗萨里奥中央","Liga Profesional（30）","YELLOW_BLUE","黄蓝主视觉，归入 YELLOW_BLUE。","PRODUCT_APPROXIMATION"
"arg1_san_lorenzo","arg1_san_lorenzo","圣洛伦索","Liga Profesional（30）","BLUE_RED","蓝红主视觉，归入 BLUE_RED。","PRODUCT_APPROXIMATION"
"arg1_talleres","arg1_talleres","塔勒瑞斯","Liga Profesional（30）","ROYAL_BLUE","深蓝或蓝白主视觉，归入 ROYAL_BLUE。","PRODUCT_APPROXIMATION"
"arg1_velez_sarsfield","arg1_velez_sarsfield","萨斯菲尔德","Liga Profesional（30）","ROYAL_BLUE","深蓝或蓝白主视觉，归入 ROYAL_BLUE。","PRODUCT_APPROXIMATION"
"arg1_aldosivi","arg1_aldosivi","阿尔多斯维","Liga Profesional（30）","GREEN_YELLOW","绿白或绿黄主视觉，归入 GREEN_YELLOW。","PRODUCT_APPROXIMATION"
"arg1_argentinos_juniors","arg1_argentinos_juniors","阿根廷青年人","Liga Profesional（30）","RED_WHITE","红色主视觉、白色辅助，归入 RED_WHITE。","PRODUCT_APPROXIMATION"
"arg1_atletico_tucuman","arg1_atletico_tucuman","图库曼竞技","Liga Profesional（30）","SKY_BLUE","天蓝主视觉，归入 SKY_BLUE。","PRODUCT_APPROXIMATION"
"arg1_banfield","arg1_banfield","班菲尔德","Liga Profesional（30）","GREEN_YELLOW","绿白或绿黄主视觉，归入 GREEN_YELLOW。","PRODUCT_APPROXIMATION"
"arg1_barracas_central","arg1_barracas_central","巴拉卡斯中央","Liga Profesional（30）","RED_WHITE","红色主视觉、白色辅助，归入 RED_WHITE。","PRODUCT_APPROXIMATION"
"arg1_belgrano","arg1_belgrano","贝尔格拉诺","Liga Profesional（30）","SKY_BLUE","天蓝主视觉，归入 SKY_BLUE。","PRODUCT_APPROXIMATION"
"arg1_central_cordoba","arg1_central_cordoba","科尔多瓦中央","Liga Profesional（30）","BLACK_WHITE","黑白或白色主视觉，归入 BLACK_WHITE。","PRODUCT_APPROXIMATION"
"arg1_defensa_y_justicia","arg1_defensa_y_justicia","国防与司法","Liga Profesional（30）","GREEN_YELLOW","绿白或绿黄主视觉，归入 GREEN_YELLOW。","PRODUCT_APPROXIMATION"
"arg1_deportivo_riestra","arg1_deportivo_riestra","利斯特拉","Liga Profesional（30）","BLACK_WHITE","黑白或白色主视觉，归入 BLACK_WHITE。","PRODUCT_APPROXIMATION"
"arg1_estudiantes_de_rio_cuarto","arg1_estudiantes_de_rio_cuarto","里奥夸尔托大学生","Liga Profesional（30）","SKY_BLUE","天蓝主视觉，归入 SKY_BLUE。","PRODUCT_APPROXIMATION"
"arg1_gimnasia_la_plata","arg1_gimnasia_la_plata","拉普拉塔体操","Liga Profesional（30）","ROYAL_BLUE","深蓝或蓝白主视觉，归入 ROYAL_BLUE。","PRODUCT_APPROXIMATION"
"arg1_gimnasia_mendoza","arg1_gimnasia_mendoza","门多萨体操","Liga Profesional（30）","BLACK_WHITE","黑白或白色主视觉，归入 BLACK_WHITE。","PRODUCT_APPROXIMATION"
"arg1_huracan","arg1_huracan","飓风","Liga Profesional（30）","RED_WHITE","红色主视觉、白色辅助，归入 RED_WHITE。","PRODUCT_APPROXIMATION"
"arg1_independiente_rivadavia","arg1_independiente_rivadavia","里瓦达维亚独立","Liga Profesional（30）","ROYAL_BLUE","深蓝或蓝白主视觉，归入 ROYAL_BLUE。","PRODUCT_APPROXIMATION"
"arg1_instituto","arg1_instituto","因斯蒂图托","Liga Profesional（30）","RED_WHITE","红色主视觉、白色辅助，归入 RED_WHITE。","PRODUCT_APPROXIMATION"
"arg1_platense","arg1_platense","普拉滕斯","Liga Profesional（30）","BLACK_WHITE","黑白或白色主视觉，归入 BLACK_WHITE。","PRODUCT_APPROXIMATION"
"arg1_sarmiento","arg1_sarmiento","萨米恩托","Liga Profesional（30）","GREEN_YELLOW","绿白或绿黄主视觉，归入 GREEN_YELLOW。","PRODUCT_APPROXIMATION"
"arg1_tigre","arg1_tigre","堤格雷","Liga Profesional（30）","BLUE_RED","蓝红主视觉，归入 BLUE_RED。","PRODUCT_APPROXIMATION"
"arg1_union","arg1_union","圣菲联合","Liga Profesional（30）","RED_WHITE","红色主视觉、白色辅助，归入 RED_WHITE。","PRODUCT_APPROXIMATION"
"cn_shanghai_donggang","chn1_shanghai_donggang","cn_shanghai_donggang","中国顶级联赛（16）","BLUE_RED","用户确认：上海东港蓝红模板锚点。","USER_CONFIRMED"
"cn_beijing_yuhua","chn1_beijing_yuhua","cn_beijing_yuhua","中国顶级联赛（16）","GREEN_YELLOW","用户确认：北京御华绿黄模板锚点。","USER_CONFIRMED"
"chn1_shandong_taiyue","chn1_shandong_taiyue","chn1_shandong_taiyue","中国顶级联赛（16）","ORANGE","橙色主视觉，归入 ORANGE。","CONFIRMED"
"cn_chengdu_jincheng","chn1_chengdu_jincheng","cn_chengdu_jincheng","中国顶级联赛（16）","RED_WHITE","红色主视觉、白色辅助，归入 RED_WHITE。","CONFIRMED"
"cn_wuhan_jiangcheng","chn1_wuhan_jiangcheng","cn_wuhan_jiangcheng","中国顶级联赛（16）","ROYAL_BLUE","深蓝或蓝白主视觉，归入 ROYAL_BLUE。","CONFIRMED"
"chn1_tianjin_jinmen","chn1_tianjin_jinmen","chn1_tianjin_jinmen","中国顶级联赛（16）","ROYAL_BLUE","深蓝或蓝白主视觉，归入 ROYAL_BLUE。","CONFIRMED"
"chn1_zhejiang_qianchao","chn1_zhejiang_qianchao","chn1_zhejiang_qianchao","中国顶级联赛（16）","GREEN_YELLOW","绿白或绿黄主视觉，归入 GREEN_YELLOW。","CONFIRMED"
"chn1_henan_zhongyuan","chn1_henan_zhongyuan","chn1_henan_zhongyuan","中国顶级联赛（16）","RED_BLACK","红黑主视觉，归入 RED_BLACK。","CONFIRMED"
"chn1_changchun_beichen","chn1_changchun_beichen","chn1_changchun_beichen","中国顶级联赛（16）","RED_BLACK","红黑主视觉，归入 RED_BLACK。","CONFIRMED"
"chn1_dalian_bincheng","chn1_dalian_bincheng","chn1_dalian_bincheng","中国顶级联赛（16）","ROYAL_BLUE","深蓝或蓝白主视觉，归入 ROYAL_BLUE。","CONFIRMED"
"chn1_qingdao_haiwan","chn1_qingdao_haiwan","chn1_qingdao_haiwan","中国顶级联赛（16）","ORANGE","橙色主视觉，归入 ORANGE。","CONFIRMED"
"chn1_shenzhen_pengcheng","chn1_shenzhen_pengcheng","chn1_shenzhen_pengcheng","中国顶级联赛（16）","SKY_BLUE","天蓝主视觉，归入 SKY_BLUE。","CONFIRMED"
"chn1_chongqing_shancheng","chn1_chongqing_shancheng","chn1_chongqing_shancheng","中国顶级联赛（16）","RED_BLACK","红黑主视觉，归入 RED_BLACK。","CONFIRMED"
"chn1_xian_changan","chn1_xian_changan","chn1_xian_changan","中国顶级联赛（16）","BLUE_RED","蓝红主视觉，归入 BLUE_RED。","CONFIRMED"
"chn1_nanjing_jinling","chn1_nanjing_jinling","chn1_nanjing_jinling","中国顶级联赛（16）","PURPLE_PINK","紫色或粉色主视觉，归入 PURPLE_PINK。","CONFIRMED"
"chn1_guangzhou_nanyue","chn1_guangzhou_nanyue","chn1_guangzhou_nanyue","中国顶级联赛（16）","RED_WHITE","红色主视觉、白色辅助，归入 RED_WHITE。","CONFIRMED"
"cn_guangxi_liancheng","chn2_guangxi_liancheng","cn_guangxi_liancheng","中国次级联赛（16）","ORANGE","橙色主视觉，归入 ORANGE。","CONFIRMED"
"cn_yunnan_shanhe","chn2_yunnan_shanhe","cn_yunnan_shanhe","中国次级联赛（16）","RED_BLACK","红黑主视觉，归入 RED_BLACK。","CONFIRMED"
"chn2_liaoning_tiecheng","chn2_liaoning_tiecheng","chn2_liaoning_tiecheng","中国次级联赛（16）","RED_BLACK","红黑主视觉，归入 RED_BLACK。","CONFIRMED"
"chn2_shijiazhuang_yanzhao","chn2_shijiazhuang_yanzhao","chn2_shijiazhuang_yanzhao","中国次级联赛（16）","ROYAL_BLUE","深蓝或蓝白主视觉，归入 ROYAL_BLUE。","CONFIRMED"
"chn2_suzhou_wumen","chn2_suzhou_wumen","chn2_suzhou_wumen","中国次级联赛（16）","RED_BLACK","红黑主视觉，归入 RED_BLACK。","CONFIRMED"
"chn2_wuxi_taihu","chn2_wuxi_taihu","chn2_wuxi_taihu","中国次级联赛（16）","ROYAL_BLUE","深蓝或蓝白主视觉，归入 ROYAL_BLUE。","CONFIRMED"
"chn2_nantong_jianghai","chn2_nantong_jianghai","chn2_nantong_jianghai","中国次级联赛（16）","ROYAL_BLUE","深蓝或蓝白主视觉，归入 ROYAL_BLUE。","CONFIRMED"
"chn2_hefei_luzhou","chn2_hefei_luzhou","chn2_hefei_luzhou","中国次级联赛（16）","ROYAL_BLUE","深蓝或蓝白主视觉，归入 ROYAL_BLUE。","CONFIRMED"
"chn2_foshan_lingnan","chn2_foshan_lingnan","chn2_foshan_lingnan","中国次级联赛（16）","GREEN_YELLOW","绿白或绿黄主视觉，归入 GREEN_YELLOW。","CONFIRMED"
"chn2_meizhou_jiaying","chn2_meizhou_jiaying","chn2_meizhou_jiaying","中国次级联赛（16）","BLUE_RED","蓝红主视觉，归入 BLUE_RED。","CONFIRMED"
"chn2_xiamen_ludao","chn2_xiamen_ludao","chn2_xiamen_ludao","中国次级联赛（16）","SKY_BLUE","天蓝主视觉，归入 SKY_BLUE。","CONFIRMED"
"chn2_ningbo_yongjiang","chn2_ningbo_yongjiang","chn2_ningbo_yongjiang","中国次级联赛（16）","ROYAL_BLUE","深蓝或蓝白主视觉，归入 ROYAL_BLUE。","CONFIRMED"
"chn2_shaanxi_qinling","chn2_shaanxi_qinling","chn2_shaanxi_qinling","中国次级联赛（16）","RED_BLACK","红黑主视觉，归入 RED_BLACK。","CONFIRMED"
"chn2_guizhou_qianfeng","chn2_guizhou_qianfeng","chn2_guizhou_qianfeng","中国次级联赛（16）","CLARET_BLUE","酒红与蓝色主视觉，归入 CLARET_BLUE。","CONFIRMED"
"chn2_xinjiang_kunlun","chn2_xinjiang_kunlun","chn2_xinjiang_kunlun","中国次级联赛（16）","ORANGE","橙色主视觉，归入 ORANGE。","CONFIRMED"
"chn2_hohhot_qingcheng","chn2_hohhot_qingcheng","chn2_hohhot_qingcheng","中国次级联赛（16）","SKY_BLUE","天蓝主视觉，归入 SKY_BLUE。","CONFIRMED"
