canonicalClubId,workbookId,displayName,league,templateKey,motifSourceType,primaryMotif,secondaryMotif,compositionKey,sourceUrl,rationale,reviewStatus,assetPath,fieldColorRole,ringColorRole,motifColorRole,ringTreatment
"ita_inter","ita1_inter","国际米兰","Serie A（20）","BLUE_BLACK","CLUB_RECOGNIZED_SYMBOL","白色蛇头与连续上扬S形蛇身","断开的少量环形切口","SERPENT_ASCENT_HIGH_CONTRAST","https://www.inter.it/en/news/2021-03-27-history-inter-crest","官网队徽史确认蛇是长期身份符号；采用白色连续S形蛇身与原创蛇头，避免字母、旧椭圆、Visconti蛇徽及其吞人构图。","VISUAL_SAMPLE_APPROVED","public/assets/clubs/crests/ita-inter.svg","crestPrimary","crestSecondary","crestNeutral","NEUTRAL_SEPARATOR"
"ita1_ac_milan","ita1_ac_milan","AC米兰","Serie A（20）","RED_BLACK","CLUB_NICKNAME","正面双角獠牙魔鬼脸","红色怒眉与尖胡","DEVIL_FACE_HORNS_FANGS_GOATEE","https://www.acmilan.com/en/history","官网创立叙事将球队定义为魔鬼；以正面双角、怒目、獠牙和尖胡构成高对比原创魔鬼脸，避开官方Diavoletto角色、十字、椭圆盾与三叉戟。","VISUAL_SAMPLE_APPROVED","public/assets/clubs/crests/ita-ac-milan.svg","crestSecondary","crestPrimary","crestNeutral","DIRECT_RING"
"ita_juventus","ita1_juventus","尤文图斯","Serie A（20）","BLACK_WHITE","OFFICIAL_MASCOT","疾跑斑马头颈","三道弯曲黑白条纹","ZEBRA_PROFILE_STRIPE_ARC","https://www.juventus.com/en/news/articles/juventus-launches-jkids","官网将斑马J列为儿童区正式吉祥物；重绘为无服装、无字母的侧向斑马，不使用现行J标或官方吉祥物造型。","PRODUCT_APPROVED",""
"ita1_atalanta","ita1_atalanta","亚特兰大","Serie A（20）","BLUE_BLACK","CLUB_RECOGNIZED_SYMBOL","向前运动的白色女神侧影与脸部轮廓","不定量宽幅蓝色风带／披风式负形","GODDESS_RUNNING_HIGH_CONTRAST_WIND_VEIL","https://en.atalanta.it/news/la-dea-al-centro-cambio-logo-22-05-2026","官网确认女神为长期核心符号；以高对比白色侧影和宽幅蓝色风带原创重构，明确不采用现行队徽特有的五缕头发设计。","VISUAL_SAMPLE_APPROVED","public/assets/clubs/crests/ita-atalanta.svg","crestSecondary","crestPrimary","crestNeutral","NEUTRAL_SEPARATOR"
"ita1_napoli","ita1_napoli","那不勒斯","Serie A（20）","SKY_BLUE","CITY_CULTURE","维苏威火山的双峰轮廓","那不勒斯湾弧线","VESUVIUS_BAY_CRESCENT","https://www.parconazionaledelvesuvio.it/","维苏威由官方公园资料支撑；海湾弧仅作为原创构图辅助。不把天蓝圆章或字母N当作图腾。","PRODUCT_APPROVED",""
"ita1_como","ita1_como","科莫","Serie A（20）","SKY_BLUE","CITY_CULTURE","深海军蓝湖面上的横向山脊","分叉湖湾、小船负形与雪线","LAKE_MOUNTAIN_FORK","https://www.comune.como.it/vivere-il-comune/luoghi/Piazza-Cavour/","市政府页面所示的广场面向湖盆与城市水岸景观；以深色横向山脊和分叉湖湾构成原创高对比图腾，不复用俱乐部字母或盾章。","VISUAL_SAMPLE_APPROVED","public/assets/clubs/crests/ita-como.svg","crestPrimary","crestSecondary","crestSecondary","DIRECT_RING"
"ita_bologna","ita1_bologna","博洛尼亚","Serie A（20）","BLUE_RED","CITY_CULTURE","米白色一高一斜双塔","蓝／红砖线与双段外环","TWO_TOWERS_ASYMMETRIC","https://www.bolognawelcome.com/en/places/towers-historic-buildings/the-two-towers-garisenda-and-degli-asinelli-eng","市级旅游资料明确双塔是博洛尼亚公认象征；以深海军蓝 field 中的高对比双塔与双段外环区别于其他塔、城墙和桥梁题材。","VISUAL_SAMPLE_APPROVED","public/assets/clubs/crests/ita-bologna.svg","crestOutline","SPLIT_PRIMARY_ACCENT_ALT","crestNeutral","NEUTRAL_SEPARATOR"
"ita1_fiorentina","ita1_fiorentina","佛罗伦萨","Serie A（20）","PURPLE_PINK","CITY_CULTURE","三孔老桥的拱形轮廓","阿诺河单线与悬廊横带","PONTE_VECCHIO_THREE_ARCH","https://www.feelflorence.it/en/points-interest/ponte-vecchio","市官方旅游资料称老桥为城市地标；以三孔桥和河线代替百合、徽章和紫色字标，避免接近现实队徽。","PRODUCT_APPROVED",""
"ita1_lazio","ita1_lazio","拉齐奥","Serie A（20）","SKY_BLUE","CLUB_RECOGNIZED_SYMBOL","白色俯冲前的罗马鹰","天蓝翼部切面与七丘地平线","EAGLE_DIVE_SEVEN_HILLS","https://www.sslazio.it/en/club/storia-del-club/storia","官网队史把罗马帝国鹰作为早期俱乐部符号；采用高对比白鹰、斜下俯冲与七丘线，不复制张翼覆盾构图。","VISUAL_SAMPLE_APPROVED","public/assets/clubs/crests/ita-lazio.svg","crestSecondary","crestPrimary","crestNeutral","DIRECT_RING"
"ita1_roma","ita1_roma","罗马","Serie A（20）","RED_GOLD","CLUB_RECOGNIZED_SYMBOL","金色右向张口咆哮狼头","长吻、犬齿与后颈毛束","WOLF_HEAD_SNARL_FANGS_MANE","https://www.asroma.com/en/news/61619/on-this-day-the-lupetto-becomes-an-official-club-logo","官网将狼头列为俱乐部标志；以金色长吻、张口犬齿和后颈毛束构成原创咆哮狼头，不直接描摹用户提供的图库参考，并避开母狼哺育双子结构。","VISUAL_SAMPLE_APPROVED","public/assets/clubs/crests/ita-roma.svg","crestSecondary","crestPrimary","crestNeutral","DIRECT_RING"
"ita_torino","ita1_torino","都灵","Serie A（20）","CLARET_BLUE","CLUB_RECOGNIZED_SYMBOL","腾跃公牛","Superga山脊短线","BULL_REAR_MOUNTAIN_BASE","https://www.torinofc.it/en/news/21/07/2026/away-shirt-2627-its-all-about-friendship_43805","官网新品说明直接以风格化公牛代表俱乐部；采用前蹄扬起的纵向姿态和低山脊，区别于罗马狼与拉齐奥鹰。","PRODUCT_APPROVED",""
"ita1_cagliari","ita1_cagliari","卡利亚里","Serie A（20）","BLUE_RED","CITY_CULTURE","努拉吉石塔的圆顶剖面","海港月弧","NURAGHE_PORT_MOON","https://sardegnaturismo.it/en/explore/nuraghe-diana","官方区域旅游资料记录海湾沿岸努拉吉遗址；选择石塔与港湾，不复用四摩尔头像、十字或现有盾形。","PRODUCT_APPROVED",""
"ita1_frosinone","ita1_frosinone","弗罗西诺内","Serie A（20）","YELLOW_BLUE","CLUB_NICKNAME","金丝雀的短翼侧飞","拉齐奥山丘折线","CANARY_SHORT_FLIGHT_HILL","https://www.frosinonecalcio.com/wp-content/uploads/2026/02/numero-11-small.pdf","俱乐部官方比赛刊物以canarini称呼球队；采用短翼侧飞而非正面鸟章，并以低山线避免与拉齐奥猛禽混同。","PRODUCT_APPROVED",""
"ita1_genoa","ita1_genoa","热那亚","Serie A（20）","BLUE_RED","CITY_CULTURE","攀升狮鹫侧影","灯塔光束与港口弧线","GRIFFIN_CLIMB_LIGHTHOUSE","https://www.visitgenoa.it/it/il-grifone-genova-un-percorso-iconografico-e-simbologico","城市官方旅游资料说明狮鹫是热那亚最具识别度的历史符号；以攀升的混合兽和灯塔光束区别于鹰、狼和公牛。","PRODUCT_APPROVED",""
"ita1_lecce","ita1_lecce","莱切","Serie A（20）","RED_GOLD","CITY_CULTURE","巴洛克门拱与花饰负形","尖顶钟楼竖线","LECCE_BAROQUE_ARCH","https://visitlecce.eu/it/luogo/piazza-duomo","官方城市资料将杜莫广场的巴洛克建筑和钟楼列为核心景观；用石刻门拱与竖线，不使用母狼、栎树或现实盾章。","PRODUCT_APPROVED",""
"ita1_monza","ita1_monza","蒙扎","Serie A（20）","RED_WHITE","CITY_CULTURE","铁王冠的三段拱顶","伦巴第环形金属铆接","IRON_CROWN_TRIPLE_ARCH","https://www.museoduomomonza.it/en/iron-crown/","以蒙扎大教堂珍藏的历史王冠三段拱顶为城市文化线索；设计为抽象金属拱与铆接环，不临摹王冠实物或俱乐部红盾。","PRODUCT_APPROVED",""
"ita1_parma","ita1_parma","帕尔马","Serie A（20）","YELLOW_BLUE","CITY_CULTURE","八角洗礼堂轮廓","四层开拱节奏","BAPTISTERY_OCTAGON_ARCADE","https://parmawelcome.it/en/place/baptistery/","官方旅游资料明确洗礼堂为八角形、多层开拱；用简化建筑平面与拱层，不复用十字或俱乐部传统盾形。","PRODUCT_APPROVED",""
"ita1_sassuolo","ita1_sassuolo","萨索洛","Serie A（20）","GREEN_YELLOW","CITY_CULTURE","错位陶瓷砖的菱形拼接","窑火半圆","CERAMIC_TILE_KILN","https://www.comune.sassuolo.mo.it/servizi/cultura-e-tempo-libero/approfondimenti/luoghi-della-cultura/galleria-marca-corona","市政府资料把当地陶瓷生产与城市历史相连；用三片错位瓷砖和小窑火，避免绿黑盾与官方字母。","PRODUCT_APPROVED",""
"ita1_udinese","ita1_udinese","乌迪内斯","Serie A（20）","BLACK_WHITE","CITY_CULTURE","城堡山顶与折线屋脊","威尼斯式拱廊","UDINE_CASTLE_PORTICO","https://www.turismofvg.it/museums/castle-museums?LangSetCMS=en","官方区域旅游资料确认乌迪内斯城堡坐落于旧城制高点；采用屋脊、山丘和拱廊，避免斑马、月桂环或现实圆徽。","PRODUCT_APPROVED",""
"ita1_venezia","ita1_venezia","威尼斯","Serie A（20）","ORANGE","CITY_CULTURE","横向贡多拉船身与竖向船首铁饰","下方潟湖双波纹","GONDOLA_HULL_VERTICAL_FERRO_LAGOON","https://www.comune.venezia.it/it/node/16768","采用威尼斯市府公开的贡多拉文化线索与潟湖线条；以高对比横向船身和竖向铁饰构成器物图腾，不使用有翼狮、城市徽章或现有俱乐部圆章。","VISUAL_SAMPLE_APPROVED","public/assets/clubs/crests/ita-venezia.svg","crestSecondary","crestPrimary","crestNeutral","DIRECT_RING"
